Account,Header,Description,Option 0,Option 0 Formula,Option 1,EEDB Base Unit Value 1,Option 1 Exponent,Option 2,EEDB Base Unit Value 2,Option 2 Exponent,Option 3,EEDB Base Unit Value 3,Option 4,EEDB Base Unit Value 4,Option 4 Exponent,Concrete (CY),Concrete Fill (CY),Reinforcing steel (TN),Structural steel (TN),Embedded steel (TN),Excavation (CY),Wire & cable (LF),NN Piping (LB),SC Piping (LB),Option,New Base Unit Value,Multipliers,Factory Equipment Cost Mult,Site Labor Hours Mult,Site Labor Cost Mult,Site Material Cost Mult,Count per plant,New Cost,Scaling Factor
A.211.1,Yardwork,General Yardwork,,,Area,62.0,1.0,RX power,3417.0,0.8,Direct cost,19732168.0,Fixed cost,1.0,1.0,170.0,,83.0,,,,,,,1,62.0,1.0,1.0,1.0,1.0,1.0,1.0,0.0,1.0
A.211.4,Yardwork,Railroads,,,Railroad length,9500.0,1.0,RX power,3417.0,0.8,Direct cost,8716768.0,Fixed cost,1.0,1.0,,,,,,,,,,1,9500.0,1.0,1.0,1.0,1.0,1.0,1.0,0.0,1.0
A.211.7111,Yardwork,Dewatering,,,Excavation volume,296000.0,1.0,RX power,3417.0,0.8,Direct cost,4119742.598,Fixed cost,1.0,1.0,,,,,,,,,,1,296000.0,1.0,1.0,1.0,1.0,1.0,1.0,0.0,1.0
A.211.7112,Yardwork,Earth Excavation,,,Excavation volume,92000.0,1.0,RX power,3417.0,0.8,Direct cost,1366041.348,Fixed cost,1.0,1.0,,,,,,,,,,1,92000.0,1.0,1.0,1.0,1.0,1.0,1.0,0.0,1.0
A.211.7113,Yardwork,Rock Excavation,,,Excavation volume,150000.0,1.0,RX power,3417.0,0.8,Direct cost,12778367.8,Fixed cost,1.0,1.0,,,,,,,,,,1,150000.0,1.0,1.0,1.0,1.0,1.0,1.0,0.0,1.0
A.211.7114,Yardwork,Excavation - Trench,,,Excavation volume,54000.0,1.0,RX power,3417.0,0.8,Direct cost,1302044.566,Fixed cost,1.0,1.0,,,,,,,,,,1,54000.0,1.0,1.0,1.0,1.0,1.0,1.0,0.0,1.0
A.211.712,Yardwork,Fill & Backfill,,,"Volume of 212, 213, 215, 216, 217",416524.0,1.0,RX power,3417.0,0.8,Direct cost,29048792.94,Fixed cost,1.0,1.0,,71000.0,,,,,,,,1,422627.70077877946,1.0,1.0,1.0,1.0,1.0,1.0,0.0,1.014653899364213
A.212.13,Reactor building,Substructure,,,Substructure volume,4603.0,1.0,RX power,3417.0,0.8,Direct cost,19193665.0,Fixed cost,1.0,1.0,8400.0,,2700.0,,3.0,,,,,1,4603.155803819373,1.0,1.0,1.0,1.0,1.0,1.0,0.0,1.0000338483205242
A.212.140,Reactor building,Interior concrete,,,Building volume,92268.0,1.0,RX power,3417.0,0.8,Direct cost,61879944.0,Fixed cost,1.0,1.0,8000.0,,2100.0,,360.0,,,,,1,92267.70077877944,1.0,1.0,1.0,1.0,1.0,1.0,0.0,0.9999967570423055
A.212.141,Reactor building,Superstructure concrete,,,Superstructure volume,11248.0,1.0,RX power,3417.0,0.8,Direct cost,53362385.0,Fixed cost,1.0,1.0,13050.0,,4250.0,,20.0,,,,,1,11247.530018382178,1.0,1.0,1.0,1.0,1.0,1.0,0.0,0.9999582164280031
A.212.142,Reactor building,Structural & Misc steel,,,Building volume,92268.0,1.0,RX power,3417.0,0.8,Direct cost,6727151.0,Fixed cost,1.0,1.0,,,,410.0,,,,,,1,92267.70077877944,1.0,1.0,1.0,1.0,1.0,1.0,0.0,0.9999967570423055
A.212.149,Reactor building,Painting,,,Superstructure area,9373.0,1.0,RX power,3417.0,0.8,Direct cost,15007922.0,Fixed cost,1.0,1.0,,,,,,,,,,1,9372.941681985149,1.0,1.0,1.0,1.0,1.0,1.0,0.0,0.9999937780844071
A.212.15,Reactor building,Containment liner,Containment vessel,"[13128.0, 38.0, 0.85, 34.4]",Superstructure area,9373.0,1.0,RX power,3417.0,0.8,Direct cost,60848829.0,Fixed cost,1.0,1.0,,,,,,,,,,1,9372.941681985149,1.0,1.0,1.0,1.0,1.0,1.0,0.0,0.9999937780844071
A.212.21,Reactor building,Plumbing & Drains,,,Building volume,92268.0,1.0,RX power,3417.0,0.8,Direct cost,1404249.0,Fixed cost,1.0,1.0,,,,,,,,23000.0,,1,92267.70077877944,1.0,1.0,1.0,1.0,1.0,1.0,0.0,0.9999967570423055
A.212.22,Reactor building,HVAC,,,Plant power,3417.0,0.8,RX power,3417.0,0.8,Direct cost,316069.0,Fixed cost,1.0,1.0,,,,,,,,,,1,3417.0,1.0,1.0,1.0,1.0,1.0,1.0,0.0,1.0
A.212.23,Reactor building,Safety HVAC,,,Plant power,3417.0,0.8,RX power,3417.0,0.8,Direct cost,5917967.0,Fixed cost,1.0,1.0,,,,,,,,,,1,3417.0,1.0,1.0,1.0,1.0,1.0,1.0,0.0,1.0
A.212.24,Reactor building,Lighting & Service power,,,Building volume,92268.0,1.0,RX power,3417.0,0.8,Direct cost,4808686.0,Fixed cost,1.0,1.0,,,,,,,,,,1,92267.70077877944,1.0,1.0,1.0,1.0,1.0,1.0,0.0,0.9999967570423055
A.212.25,Reactor building,Elevator,,,Constant,1.0,1.0,RX power,3417.0,0.8,Direct cost,319651.0,Fixed cost,1.0,1.0,,,,,,,,,,1,1.0,1.0,1.0,1.0,1.0,1.0,1.0,0.0,1.0
A.212.3,Reactor building,Passive cooling pool,Surface area,[17866.0],,,,,,,Direct cost,1.0,,,,,,,,,,,,,0,0.0,1.0,1.0,1.0,1.0,1.0,1.0,0.0,0.0
A.219.141,Reactor shield building,Superstructure concrete,,,Superstructure volume,11248.0,1.0,RX power,3417.0,0.8,Direct cost,53362385.0,Fixed cost,1.0,1.0,13050.0,,4250.0,,20.0,,,,,1,0.0,1.0,1.0,1.0,1.0,1.0,1.0,0.0,0.0
A.219.142,Reactor shield building,Structural & Misc steel,,,Building volume,92268.0,1.0,RX power,3417.0,0.8,Direct cost,6727151.0,Fixed cost,1.0,1.0,,,,410.0,,,,,,1,0.0,1.0,1.0,1.0,1.0,1.0,1.0,0.0,0.0
A.219.149,Reactor shield building,Painting,,,Superstructure area,9373.0,1.0,RX power,3417.0,0.8,Direct cost,15007922.0,Fixed cost,1.0,1.0,,,,,,,,,,1,0.0,1.0,1.0,1.0,1.0,1.0,1.0,0.0,0.0
A.213.13,Turbine generator building,Substructure,,,Substructure volume,1830.0,1.0,RX power,3417.0,0.8,Direct cost,21213032.0,Fixed cost,1.0,1.0,12800.0,,910.0,,100.0,,,,,1,1830.0,1.0,1.0,1.0,1.0,1.0,1.0,0.0,1.0
A.213.141,Turbine generator building,Superstructure concrete,,,Superstructure volume,5112.0,1.0,RX power,3417.0,0.8,Direct cost,2275593.0,Fixed cost,1.0,1.0,800.0,,70.0,,10.0,,,,,1,5112.0,1.0,1.0,1.0,1.0,1.0,1.0,0.0,1.0
A.213.142,Turbine generator building,Structural & Misc steel,,,Building volume,212000.0,1.0,RX power,3417.0,0.8,Direct cost,39924296.0,Fixed cost,1.0,1.0,,,,3900.0,,,,,,1,212000.0,1.0,1.0,1.0,1.0,1.0,1.0,0.0,1.0
A.213.143,Turbine generator building,Exterior walls,,,Superstructure area,17040.0,1.0,RX power,3417.0,0.8,Direct cost,4557780.0,Fixed cost,1.0,1.0,,,,,,,,,,1,17040.0,1.0,1.0,1.0,1.0,1.0,1.0,0.0,1.0
A.213.144,Turbine generator building,Roofing,,,Substructure area,6100.0,1.0,RX power,3417.0,0.8,Direct cost,1817917.0,Fixed cost,1.0,1.0,800.0,,38.0,,,,,,,1,6100.0,1.0,1.0,1.0,1.0,1.0,1.0,0.0,1.0
A.213.145,Turbine generator building,Roofing,,,Substructure area,6100.0,1.0,RX power,3417.0,0.8,Direct cost,911815.0,Fixed cost,1.0,1.0,,,,,,,,,,1,6100.0,1.0,1.0,1.0,1.0,1.0,1.0,0.0,1.0
A.213.146,Turbine generator building,Interior walls,,,Building volume,212000.0,1.0,RX power,3417.0,0.8,Direct cost,728082.0,Fixed cost,1.0,1.0,,,,,,,,,,1,212000.0,1.0,1.0,1.0,1.0,1.0,1.0,0.0,1.0
A.213.147,Turbine generator building,Doors/windows,,,Building volume,212000.0,1.0,RX power,3417.0,0.8,Direct cost,1629229.0,Fixed cost,1.0,1.0,,,,,,,,,,1,212000.0,1.0,1.0,1.0,1.0,1.0,1.0,0.0,1.0
A.213.149,Turbine generator building,Painting,,,Superstructure area,17040.0,1.0,RX power,3417.0,0.8,Direct cost,2327752.0,Fixed cost,1.0,1.0,,,,,,,,,,1,17040.0,1.0,1.0,1.0,1.0,1.0,1.0,0.0,1.0
A.213.21,Turbine generator building,Plumbing & Drains,,,Building volume,212000.0,1.0,RX power,3417.0,0.8,Direct cost,4827375.0,Fixed cost,1.0,1.0,,,,,,,,25980.0,,1,212000.0,1.0,1.0,1.0,1.0,1.0,1.0,0.0,1.0
A.213.22,Turbine generator building,HVAC,,,Plant power,3417.0,0.8,RX power,3417.0,0.8,Direct cost,3208022.0,Fixed cost,1.0,1.0,,,,,,,,,,1,3417.0,1.0,1.0,1.0,1.0,1.0,1.0,0.0,1.0
A.213.24,Turbine generator building,Lighting & Service power,,,Building volume,212000.0,1.0,RX power,3417.0,0.8,Direct cost,2025741.0,Fixed cost,1.0,1.0,,,,,,,,,,1,212000.0,1.0,1.0,1.0,1.0,1.0,1.0,0.0,1.0
A.213.25,Turbine generator building,Elevator,,,Constant,1.0,1.0,RX power,3417.0,0.8,Direct cost,335696.0,Fixed cost,1.0,1.0,,,,,,,,,,1,1.0,1.0,1.0,1.0,1.0,1.0,1.0,0.0,1.0
A.214.,Security building,Security building,,,,,,RX power,3417.0,0.8,Direct cost,4533007.0,Fixed cost,1.0,1.0,975.0,,78.0,60.0,2.0,,,,,4,1.0,1.0,1.0,1.0,1.0,1.0,1.0,0.0,1.0
A.215.13,Primary aux building,Substructure,,,Substructure volume,1553.0,1.0,,,,Direct cost,2549377.0,Fixed cost,1.0,1.0,2100.0,,260.0,,7.0,,,,,1,1552.8,1.0,1.0,1.0,1.0,1.0,1.0,0.0,0.9998712169993561
A.215.141,Primary aux building,Superstructure concrete,,,Superstructure volume,3326.0,1.0,RX power,3417.0,0.8,Direct cost,35505158.0,Fixed cost,1.0,1.0,11800.0,,1700.0,,130.0,,,,,1,3326.3999999999996,1.0,1.0,1.0,1.0,1.0,1.0,0.0,1.0001202645820804
A.215.142,Primary aux building,Structural & Misc steel,,,Building volume,36232.0,1.0,RX power,3417.0,0.8,Direct cost,4797799.0,Fixed cost,1.0,1.0,,,,450.0,,,,,,1,36232.0,1.0,1.0,1.0,1.0,1.0,1.0,0.0,1.0
A.215.145,Primary aux building,Roofing,,,Substructure area,1294.0,1.0,RX power,3417.0,0.8,Direct cost,147964.0,Fixed cost,1.0,1.0,,,,,,,,,,1,1294.0,1.0,1.0,1.0,1.0,1.0,1.0,0.0,1.0
A.215.146,Primary aux building,Interior walls,,,Building volume,36232.0,1.0,RX power,3417.0,0.8,Direct cost,457789.0,Fixed cost,1.0,1.0,,,,,,,,,,1,36232.0,1.0,1.0,1.0,1.0,1.0,1.0,0.0,1.0
A.215.147,Primary aux building,Doors/windows,,,Building volume,36232.0,1.0,RX power,3417.0,0.8,Direct cost,169898.0,Fixed cost,1.0,1.0,,,,,,,,,,1,36232.0,1.0,1.0,1.0,1.0,1.0,1.0,0.0,1.0
A.215.149,Primary aux building,Painting,,,Superstructure area,5544.0,1.0,RX power,3417.0,0.8,Direct cost,825071.0,Fixed cost,1.0,1.0,,,,,,,,,,1,5544.0,1.0,1.0,1.0,1.0,1.0,1.0,0.0,1.0
A.215.21,Primary aux building,Plumbing & Drains,,,Building volume,36232.0,1.0,RX power,3417.0,0.8,Direct cost,1892676.0,Fixed cost,1.0,1.0,,,,,,,,,,1,36232.0,1.0,1.0,1.0,1.0,1.0,1.0,0.0,1.0
A.215.221,Primary aux building,Safety HVAC - Safety HVAC - Rotating Machinery,,,Plant power,3417.0,0.8,RX power,3417.0,0.8,Direct cost,2897193.0,Fixed cost,1.0,1.0,,,,,,,,,,1,3417.0,1.0,1.0,1.0,1.0,1.0,1.0,0.0,1.0
A.215.222,Primary aux building,Safety HVAC - Heat Transfer Equipment,,,Plant power,3417.0,0.8,RX power,3417.0,0.8,Direct cost,2295632.0,Fixed cost,1.0,1.0,,,,,,,,,,1,3417.0,1.0,1.0,1.0,1.0,1.0,1.0,0.0,1.0
A.215.223,Primary aux building,Safety HVAC - Tanks & Pressure Vessels,,,Plant power,3417.0,0.8,RX power,3417.0,0.8,Direct cost,72147.0,Fixed cost,1.0,1.0,,,,,,,,,,1,3417.0,1.0,1.0,1.0,1.0,1.0,1.0,0.0,1.0
A.215.224,Primary aux building,Safety HVAC - Purification & Filtration Equipment,,,Plant power,3417.0,0.8,RX power,3417.0,0.8,Direct cost,569667.0,Fixed cost,1.0,1.0,,,,,,,,,,1,3417.0,1.0,1.0,1.0,1.0,1.0,1.0,0.0,1.0
A.215.225,Primary aux building,Safety HVAC - Piping & Ductwork,,,Building volume,36232.0,1.0,RX power,3417.0,0.8,Direct cost,6722979.0,Fixed cost,1.0,1.0,,,,,,,,88745.0,,1,36232.0,1.0,1.0,1.0,1.0,1.0,1.0,0.0,1.0
A.215.226,Primary aux building,Safety HVAC - Valves & Dampers,,,Building volume,36232.0,1.0,RX power,3417.0,0.8,Direct cost,397242.0,Fixed cost,1.0,1.0,,,,,,,,,,1,36232.0,1.0,1.0,1.0,1.0,1.0,1.0,0.0,1.0
A.215.227,Primary aux building,Safety HVAC - Piping & Miscellaneous Items,,,Building volume,36232.0,1.0,RX power,3417.0,0.8,Direct cost,216645.0,Fixed cost,1.0,1.0,,,,,,,,,,1,36232.0,1.0,1.0,1.0,1.0,1.0,1.0,0.0,1.0
A.215.228,Primary aux building,Safety HVAC - Instrumentation & Control,,,Plant power,3417.0,0.8,RX power,3417.0,0.8,Direct cost,46688.0,Fixed cost,1.0,1.0,,,,,,,,,,1,3417.0,1.0,1.0,1.0,1.0,1.0,1.0,0.0,1.0
A.215.23,Primary aux building,Safety HVAC,,,Plant power,3417.0,0.8,RX power,3417.0,0.8,Direct cost,1303117.0,Fixed cost,1.0,1.0,,,,,,,,,,1,3417.0,1.0,1.0,1.0,1.0,1.0,1.0,0.0,1.0
A.215.24,Primary aux building,Lighting & Service power,,,Building volume,36232.0,1.0,RX power,3417.0,0.8,Direct cost,1791941.0,Fixed cost,1.0,1.0,,,,,,,,,,1,36232.0,1.0,1.0,1.0,1.0,1.0,1.0,0.0,1.0
A.215.25,Primary aux building,Elevator,,,Constant,1.0,1.0,RX power,3417.0,0.8,Direct cost,490653.0,Fixed cost,1.0,1.0,,,,,,,,,,1,1.0,1.0,1.0,1.0,1.0,1.0,1.0,0.0,1.0
A.216.13,Waste process building,Substructure,,,Substructure volume,2074.0,1.0,RX power,3417.0,0.8,Direct cost,5316020.0,Fixed cost,1.0,1.0,6000.0,,305.0,,30.0,,,,,1,2073.6,1.0,1.0,1.0,1.0,1.0,1.0,0.0,0.9998071359691417
A.216.141,Waste process building,Superstructure concrete,,,Superstructure volume,4428.0,1.0,RX power,3417.0,0.8,Direct cost,31164024.0,Fixed cost,1.0,1.0,8300.0,,1200.0,,160.0,,,,,1,4428.0,1.0,1.0,1.0,1.0,1.0,1.0,0.0,1.0
A.216.142,Waste process building,Structural & Misc steel,,,Building volume,53328.0,1.0,RX power,3417.0,0.8,Direct cost,5557784.0,Fixed cost,1.0,1.0,,,,550.0,,,,,,1,53328.0,1.0,1.0,1.0,1.0,1.0,1.0,0.0,1.0
A.216.143,Waste process building,Exterior walls,,,Superstructure area,7380.0,1.0,RX power,3417.0,0.8,Direct cost,1072533.0,Fixed cost,1.0,1.0,,,,,,,,,,1,7380.0,1.0,1.0,1.0,1.0,1.0,1.0,0.0,1.0
A.216.144,Waste process building,Roofing,,,Substructure area,1728.0,1.0,RX power,3417.0,0.8,Direct cost,602378.0,Fixed cost,1.0,1.0,370.0,,20.0,,,,,,,1,1728.0,1.0,1.0,1.0,1.0,1.0,1.0,0.0,1.0
A.216.145,Waste process building,Roofing,,,Substructure area,1728.0,1.0,RX power,3417.0,0.8,Direct cost,275826.0,Fixed cost,1.0,1.0,,,,,,,,,,1,1728.0,1.0,1.0,1.0,1.0,1.0,1.0,0.0,1.0
A.216.146,Waste process building,Interior walls,,,Building volume,53328.0,1.0,RX power,3417.0,0.8,Direct cost,8845.0,Fixed cost,1.0,1.0,,,,,,,,,,1,53328.0,1.0,1.0,1.0,1.0,1.0,1.0,0.0,1.0
A.216.147,Waste process building,Doors/windows,,,Building volume,53328.0,1.0,RX power,3417.0,0.8,Direct cost,141403.0,Fixed cost,1.0,1.0,,,,,,,,,,1,53328.0,1.0,1.0,1.0,1.0,1.0,1.0,0.0,1.0
A.216.148,Waste process building,Finishing,,,Building volume,53328.0,1.0,RX power,3417.0,0.8,Direct cost,11110.0,Fixed cost,1.0,1.0,,,,,,,,,,1,53328.0,1.0,1.0,1.0,1.0,1.0,1.0,0.0,1.0
A.216.149,Waste process building,Painting,,,Superstructure area,7380.0,1.0,RX power,3417.0,0.8,Direct cost,651250.0,Fixed cost,1.0,1.0,,,,,,,,,,1,7380.0,1.0,1.0,1.0,1.0,1.0,1.0,0.0,1.0
A.216.21,Waste process building,Plumbing & Drains,,,Building volume,53328.0,1.0,RX power,3417.0,0.8,Direct cost,1527441.0,Fixed cost,1.0,1.0,,,,,,,,,,1,53328.0,1.0,1.0,1.0,1.0,1.0,1.0,0.0,1.0
A.216.22,Waste process building,HVAC,,,Plant power,3417.0,0.8,RX power,3417.0,0.8,Direct cost,4360580.0,Fixed cost,1.0,1.0,,,,,,,,3240.0,,1,3417.0,1.0,1.0,1.0,1.0,1.0,1.0,0.0,1.0
A.216.24,Waste process building,Lighting & Service power,,,Building volume,53328.0,1.0,RX power,3417.0,0.8,Direct cost,1241924.0,Fixed cost,1.0,1.0,,,,,,,,,,1,53328.0,1.0,1.0,1.0,1.0,1.0,1.0,0.0,1.0
A.216.25,Waste process building,Elevator,,,Constant,1.0,1.0,RX power,3417.0,0.8,Direct cost,547809.0,Fixed cost,1.0,1.0,,,,,,,,,,1,1.0,1.0,1.0,1.0,1.0,1.0,1.0,0.0,1.0
A.217.13,Fuel storage building,Substructure,,,Substructure volume,1080.0,1.0,RX power,3417.0,0.8,Direct cost,1860398.0,Fixed cost,1.0,1.0,1800.0,,160.0,,5.0,,,,,1,1080.0,1.0,1.0,1.0,1.0,1.0,1.0,0.0,1.0
A.217.141,Fuel storage building,Superstructure concrete,,,Superstructure volume,2304.0,1.0,RX power,3417.0,0.8,Direct cost,11652567.0,Fixed cost,1.0,1.0,5000.0,,500.0,,50.0,,,,,1,2304.0,1.0,1.0,1.0,1.0,1.0,1.0,0.0,1.0
A.217.142,Fuel storage building,Structural & Misc steel,,,Building volume,28800.0,1.0,RX power,3417.0,0.8,Direct cost,1527218.0,Fixed cost,1.0,1.0,,,,160.0,,,,,,1,28800.0,1.0,1.0,1.0,1.0,1.0,1.0,0.0,1.0
A.217.145,Fuel storage building,Roofing,,,Substructure area,900.0,1.0,RX power,3417.0,0.8,Direct cost,103576.0,Fixed cost,1.0,1.0,,,,,,,,,,1,900.0,1.0,1.0,1.0,1.0,1.0,1.0,0.0,1.0
A.217.147,Fuel storage building,Doors/windows,,,Building volume,28800.0,1.0,RX power,3417.0,0.8,Direct cost,57451.0,Fixed cost,1.0,1.0,,,,,,,,,,1,28800.0,1.0,1.0,1.0,1.0,1.0,1.0,0.0,1.0
A.217.149,Fuel storage building,Painting,,,Superstructure area,3840.0,1.0,RX power,3417.0,0.8,Direct cost,160784.0,Fixed cost,1.0,1.0,,,,,,,,,,1,3840.0,1.0,1.0,1.0,1.0,1.0,1.0,0.0,1.0
A.217.21,Fuel storage building,Plumbing & Drains,,,Building volume,28800.0,1.0,RX power,3417.0,0.8,Direct cost,510369.0,Fixed cost,1.0,1.0,,,,,,,,,,1,28800.0,1.0,1.0,1.0,1.0,1.0,1.0,0.0,1.0
A.217.22,Fuel storage building,HVAC,,,Plant power,3417.0,0.8,RX power,3417.0,0.8,Direct cost,1710011.0,Fixed cost,1.0,1.0,,,,,,,,2915.0,,1,3417.0,1.0,1.0,1.0,1.0,1.0,1.0,0.0,1.0
A.217.23,Fuel storage building,Safety HVAC,,,Plant power,3417.0,0.8,RX power,3417.0,0.8,Direct cost,2165644.0,Fixed cost,1.0,1.0,,,,,,,,,,1,3417.0,1.0,1.0,1.0,1.0,1.0,1.0,0.0,1.0
A.217.24,Fuel storage building,Lighting & Service power,,,Building volume,28800.0,1.0,RX power,3417.0,0.8,Direct cost,402646.0,Fixed cost,1.0,1.0,,,,,,,,,,1,28800.0,1.0,1.0,1.0,1.0,1.0,1.0,0.0,1.0
A.217.3,Fuel storage building,Spent fuel pool liner,Surface area,[17866.0],Spent fuel pool surface area,544.0,1.0,RX power,3417.0,0.8,Direct cost,9718863.0,Fixed cost,1.0,1.0,,,,,,,,,,0,544.0,1.0,1.0,1.0,1.0,1.0,1.0,0.0,1.0000247971393361
A.218A.13,CR/DG building,Substructure,,,Substructure volume,2268.0,1.0,RX power,3417.0,0.8,Direct cost,2111291.0,Fixed cost,1.0,1.0,1050.0,,170.0,,9.0,,,,,1,2268.0,1.0,1.0,1.0,1.0,1.0,1.0,0.0,1.0
A.218A.141,CR/DG building,Superstructure concrete,,,Superstructure volume,3755.0,1.0,RX power,3417.0,0.8,Direct cost,37270294.0,Fixed cost,1.0,1.0,11800.0,,1400.0,,115.0,,,,,1,3754.7999999999997,1.0,1.0,1.0,1.0,1.0,1.0,0.0,0.9999467376830892
A.218A.142,CR/DG building,Structural & Misc steel,,,Building volume,48762.0,1.0,RX power,3417.0,0.8,Direct cost,7760973.0,Fixed cost,1.0,1.0,,,,770.0,,,,,,1,48762.0,1.0,1.0,1.0,1.0,1.0,1.0,0.0,1.0
A.218A.145,CR/DG building,Roofing,,,Substructure area,1890.0,1.0,RX power,3417.0,0.8,Direct cost,288926.0,Fixed cost,1.0,1.0,,,,,,,,,,1,1890.0,1.0,1.0,1.0,1.0,1.0,1.0,0.0,1.0
A.218A.146,CR/DG building,Interior walls,,,Building volume,48762.0,1.0,RX power,3417.0,0.8,Direct cost,4297607.0,Fixed cost,1.0,1.0,,,,,,,,,,1,48762.0,1.0,1.0,1.0,1.0,1.0,1.0,0.0,1.0
A.218A.147,CR/DG building,Doors/windows,,,Building volume,48762.0,1.0,RX power,3417.0,0.8,Direct cost,191525.0,Fixed cost,1.0,1.0,,,,,,,,,,1,48762.0,1.0,1.0,1.0,1.0,1.0,1.0,0.0,1.0
A.218A.148,CR/DG building,Finishing,,,Building volume,48762.0,1.0,RX power,3417.0,0.8,Direct cost,374571.0,Fixed cost,1.0,1.0,,,,,,,,,,1,48762.0,1.0,1.0,1.0,1.0,1.0,1.0,0.0,1.0
A.218A.149,CR/DG building,Painting,,,Superstructure area,6258.0,1.0,RX power,3417.0,0.8,Direct cost,705656.0,Fixed cost,1.0,1.0,,,,,,,,,,1,6258.0,1.0,1.0,1.0,1.0,1.0,1.0,0.0,1.0
A.218A.21,CR/DG building,Plumbing & Drains,,,Building volume,48762.0,1.0,RX power,3417.0,0.8,Direct cost,3018789.0,Fixed cost,1.0,1.0,,,,,,,,,,1,48762.0,1.0,1.0,1.0,1.0,1.0,1.0,0.0,1.0
A.218A.231,CR/DG building,Safety HVAC - Safety HVAC - Rotating Machinery,,,Plant power,3417.0,0.8,RX power,3417.0,0.8,Direct cost,1050899.0,Fixed cost,1.0,1.0,,,,,,,,,,1,3417.0,1.0,1.0,1.0,1.0,1.0,1.0,0.0,1.0
A.218A.232,CR/DG building,Safety HVAC - Heat Transfer Equipment,,,Plant power,3417.0,0.8,RX power,3417.0,0.8,Direct cost,1010402.0,Fixed cost,1.0,1.0,,,,,,,,,,1,3417.0,1.0,1.0,1.0,1.0,1.0,1.0,0.0,1.0
A.218A.233,CR/DG building,Safety HVAC - Tanks & Pressure Vessels,,,Plant power,3417.0,0.8,RX power,3417.0,0.8,Direct cost,11830.0,Fixed cost,1.0,1.0,,,,,,,,,,1,3417.0,1.0,1.0,1.0,1.0,1.0,1.0,0.0,1.0
A.218A.234,CR/DG building,Safety HVAC - Purification & Filtration Equipment,,,Plant power,3417.0,0.8,RX power,3417.0,0.8,Direct cost,274842.0,Fixed cost,1.0,1.0,,,,,,,,,,1,3417.0,1.0,1.0,1.0,1.0,1.0,1.0,0.0,1.0
A.218A.235,CR/DG building,Safety HVAC - Piping & Ductwork,,,Building volume,48762.0,1.0,RX power,3417.0,0.8,Direct cost,9994692.0,Fixed cost,1.0,1.0,,,,,,,,14930.0,270000.0,1,48762.0,1.0,1.0,1.0,1.0,1.0,1.0,0.0,1.0
A.218A.236,CR/DG building,Safety HVAC - Valves & Dampers,,,Building volume,48762.0,1.0,RX power,3417.0,0.8,Direct cost,449760.0,Fixed cost,1.0,1.0,,,,,,,,,,1,48762.0,1.0,1.0,1.0,1.0,1.0,1.0,0.0,1.0
A.218A.237,CR/DG building,Safety HVAC - Piping & Miscellaneous Items,,,Building volume,48762.0,1.0,RX power,3417.0,0.8,Direct cost,34666.0,Fixed cost,1.0,1.0,,,,,,,,,,1,48762.0,1.0,1.0,1.0,1.0,1.0,1.0,0.0,1.0
A.218A.238,CR/DG building,Safety HVAC - Instrumentation & Control,,,Plant power,3417.0,0.8,RX power,3417.0,0.8,Direct cost,387888.0,Fixed cost,1.0,1.0,,,,,,,,,,1,3417.0,1.0,1.0,1.0,1.0,1.0,1.0,0.0,1.0
A.218A.24,CR/DG building,Lighting & Service power,,,Building volume,48762.0,1.0,RX power,3417.0,0.8,Direct cost,2645665.0,Fixed cost,1.0,1.0,,,,,,,,,,1,48762.0,1.0,1.0,1.0,1.0,1.0,1.0,0.0,1.0
A.218B.13,Admin building,Substructure,,,Substructure volume,1328.0,1.0,RX power,3417.0,0.8,Direct cost,2673937.0,Fixed cost,1.0,1.0,1700.0,,135.0,,6.0,,,,,1,1328.3999999999999,1.0,1.0,1.0,1.0,1.0,1.0,0.0,1.000301204819277
A.218B.141,Admin building,Superstructure concrete,,,Superstructure volume,979.0,1.0,RX power,3417.0,0.8,Direct cost,1144519.0,Fixed cost,1.0,1.0,660.0,,50.0,,2.0,,,,,1,979.1999999999999,1.0,1.0,1.0,1.0,1.0,1.0,0.0,1.0002042900919306
A.218B.142,Admin building,Structural & Misc steel,,,Building volume,53136.0,1.0,RX power,3417.0,0.8,Direct cost,3307722.0,Fixed cost,1.0,1.0,,,,390.0,,,,,,1,53136.0,1.0,1.0,1.0,1.0,1.0,1.0,0.0,1.0
A.218B.143,Admin building,Exterior walls,,,Superstructure area,3264.0,1.0,RX power,3417.0,0.8,Direct cost,885876.0,Fixed cost,1.0,1.0,,,,,,,,,,1,3264.0,1.0,1.0,1.0,1.0,1.0,1.0,0.0,1.0
A.218B.144,Admin building,Roofing,,,Substructure area,4428.0,1.0,RX power,3417.0,0.8,Direct cost,1325710.0,Fixed cost,1.0,1.0,600.0,,29.0,,,,,,,1,4428.0,1.0,1.0,1.0,1.0,1.0,1.0,0.0,1.0
A.218B.145,Admin building,Roofing,,,Substructure area,4428.0,1.0,RX power,3417.0,0.8,Direct cost,634400.0,Fixed cost,1.0,1.0,,,,,,,,,,1,4428.0,1.0,1.0,1.0,1.0,1.0,1.0,0.0,1.0
A.218B.146,Admin building,Interior walls,,,Building volume,53136.0,1.0,RX power,3417.0,0.8,Direct cost,2649859.0,Fixed cost,1.0,1.0,,,,,,,,,,1,53136.0,1.0,1.0,1.0,1.0,1.0,1.0,0.0,1.0
A.218B.147,Admin building,Doors/windows,,,Building volume,53136.0,1.0,RX power,3417.0,0.8,Direct cost,733487.0,Fixed cost,1.0,1.0,,,,,,,,,,1,53136.0,1.0,1.0,1.0,1.0,1.0,1.0,0.0,1.0
A.218B.148,Admin building,Finishing,,,Building volume,53136.0,1.0,RX power,3417.0,0.8,Direct cost,822670.0,Fixed cost,1.0,1.0,,,,,,,,,,1,53136.0,1.0,1.0,1.0,1.0,1.0,1.0,0.0,1.0
A.218B.149,Admin building,Painting,,,Superstructure area,3264.0,1.0,RX power,3417.0,0.8,Direct cost,406450.0,Fixed cost,1.0,1.0,,,,,,,,,,1,3264.0,1.0,1.0,1.0,1.0,1.0,1.0,0.0,1.0
A.218B.21,Admin building,Plumbing & Drains,,,Building volume,53136.0,1.0,RX power,3417.0,0.8,Direct cost,1689998.0,Fixed cost,1.0,1.0,,,,,,,,,,1,53136.0,1.0,1.0,1.0,1.0,1.0,1.0,0.0,1.0
A.218B.22,Admin building,HVAC,,,Plant power,3417.0,0.8,RX power,3417.0,0.8,Direct cost,5455457.0,Fixed cost,1.0,1.0,,,,,,,,70240.0,,1,3417.0,1.0,1.0,1.0,1.0,1.0,1.0,0.0,1.0
A.218B.23,Admin building,Safety HVAC,,,Plant power,3417.0,0.8,RX power,3417.0,0.8,Direct cost,48666.0,Fixed cost,1.0,1.0,,,,,,,,,,1,3417.0,1.0,1.0,1.0,1.0,1.0,1.0,0.0,1.0
A.218B.24,Admin building,Lighting & Service power,,,Building volume,53136.0,1.0,RX power,3417.0,0.8,Direct cost,1349895.0,Fixed cost,1.0,1.0,,,,,,,,,,1,53136.0,1.0,1.0,1.0,1.0,1.0,1.0,0.0,1.0
A.218B.25,Admin building,Elevator,,,Constant,1.0,1.0,RX power,3417.0,0.8,Direct cost,137701.0,Fixed cost,1.0,1.0,,,,,,,,,,1,1.0,1.0,1.0,1.0,1.0,1.0,1.0,0.0,1.0
A.218D.,Fire pump house,Fire pump house,,,,,,RX power,3417.0,0.8,Direct cost,1225821.0,Fixed cost,1.0,1.0,250.0,,20.0,20.0,3.0,,,,,4,1.0,1.0,1.0,1.0,1.0,1.0,1.0,0.0,1.0
A.218E.13,Emergency feedwater pump building,Substructure,,,Substructure volume,288.0,1.0,RX power,3417.0,0.8,Direct cost,942975.0,Fixed cost,1.0,1.0,450.0,,90.0,,6.0,,,,,1,288.0,1.0,1.0,1.0,1.0,1.0,1.0,0.0,1.0
A.218E.141,Emergency feedwater pump building,Superstructure concrete,,,Superstructure volume,245.0,1.0,RX power,3417.0,0.8,Direct cost,5980222.0,Fixed cost,1.0,1.0,1850.0,,260.0,,30.0,,,,,1,244.79999999999998,1.0,1.0,1.0,1.0,1.0,1.0,0.0,0.9991836734693876
A.218E.142,Emergency feedwater pump building,Structural & Misc steel,,,Building volume,1440.0,1.0,RX power,3417.0,0.8,Direct cost,445606.0,Fixed cost,1.0,1.0,,,,25.0,,,,,,1,1440.0,1.0,1.0,1.0,1.0,1.0,1.0,0.0,1.0
A.218E.143,Emergency feedwater pump building,Exterior walls,,,Superstructure area,408.0,1.0,RX power,3417.0,0.8,Direct cost,51941.0,Fixed cost,1.0,1.0,,,,,,,,,,1,408.0,1.0,1.0,1.0,1.0,1.0,1.0,0.0,1.0
A.218E.145,Emergency feedwater pump building,Roofing,,,Substructure area,240.0,1.0,RX power,3417.0,0.8,Direct cost,35036.0,Fixed cost,1.0,1.0,,,,,,,,,,1,240.0,1.0,1.0,1.0,1.0,1.0,1.0,0.0,1.0
A.218E.147,Emergency feedwater pump building,Doors/windows,,,Building volume,1440.0,1.0,RX power,3417.0,0.8,Direct cost,25903.0,Fixed cost,1.0,1.0,,,,,,,,,,1,1440.0,1.0,1.0,1.0,1.0,1.0,1.0,0.0,1.0
A.218E.149,Emergency feedwater pump building,Painting,,,Superstructure area,408.0,1.0,RX power,3417.0,0.8,Direct cost,50374.0,Fixed cost,1.0,1.0,,,,,,,,,,1,408.0,1.0,1.0,1.0,1.0,1.0,1.0,0.0,1.0
A.218E.21,Emergency feedwater pump building,Plumbing & Drains,,,Building volume,1440.0,1.0,RX power,3417.0,0.8,Direct cost,383628.0,Fixed cost,1.0,1.0,,,,,,,,,,1,1440.0,1.0,1.0,1.0,1.0,1.0,1.0,0.0,1.0
A.218E.23,Emergency feedwater pump building,Safety HVAC,,,Plant power,3417.0,0.8,RX power,3417.0,0.8,Direct cost,163701.0,Fixed cost,1.0,1.0,,,,,,,,330.0,,1,3417.0,1.0,1.0,1.0,1.0,1.0,1.0,0.0,1.0
A.218E.24,Emergency feedwater pump building,Lighting & Service power,,,Building volume,1440.0,1.0,RX power,3417.0,0.8,Direct cost,250708.0,Fixed cost,1.0,1.0,,,,,,,,,,1,1440.0,1.0,1.0,1.0,1.0,1.0,1.0,0.0,1.0
A.218F.,Radiological access tunnel,Radiological access tunnel,,,,,,RX power,3417.0,0.8,Direct cost,2632082.0,Fixed cost,1.0,1.0,930.0,,110.0,10.0,6.0,,,,,2,3417.0,1.0,1.0,1.0,1.0,1.0,1.0,0.0,1.0
A.218G.,Electrical tunnel,Electrical tunnel,,,Building volume,1632.0,1.0,RX power,3417.0,0.8,Direct cost,191674.0,Fixed cost,1.0,1.0,,,,,,,,,,1,1632.0,1.0,1.0,1.0,1.0,1.0,1.0,0.0,1.0
A.218H.,Non-essential switchgear building,Non-essential switchgear building,,,Building volume,1800.0,1.0,RX power,3417.0,0.8,Direct cost,1628890.0,Fixed cost,1.0,1.0,393.0,,30.0,50.0,3.0,,,,,1,1800.0,1.0,1.0,1.0,1.0,1.0,1.0,0.0,1.0
A.218J.13,Main steam and feedwater pipe,Substructure,,,Substructure volume,504.0,1.0,RX power,3417.0,0.8,Direct cost,3607517.0,Fixed cost,1.0,1.0,2400.0,,380.0,,20.0,,,,,1,504.0,1.0,1.0,1.0,1.0,1.0,1.0,0.0,1.0
A.218J.141,Main steam and feedwater pipe,Superstructure concrete,,,Superstructure volume,1771.0,1.0,RX power,3417.0,0.8,Direct cost,19121421.0,Fixed cost,1.0,1.0,4500.0,,990.0,,150.0,,,,,1,1771.2,1.0,1.0,1.0,1.0,1.0,1.0,0.0,1.0001129305477132
A.218J.142,Main steam and feedwater pipe,Structural & Misc steel,,,Building volume,7560.0,1.0,RX power,3417.0,0.8,Direct cost,1619110.0,Fixed cost,1.0,1.0,,,,50.0,,,,,,1,7560.0,1.0,1.0,1.0,1.0,1.0,1.0,0.0,1.0
A.218J.145,Main steam and feedwater pipe,Roofing,,,Substructure area,420.0,1.0,RX power,3417.0,0.8,Direct cost,87209.0,Fixed cost,1.0,1.0,,,,,,,,,,1,420.0,1.0,1.0,1.0,1.0,1.0,1.0,0.0,1.0
A.218J.146,Main steam and feedwater pipe,Interior walls,,,Building volume,7560.0,1.0,RX power,3417.0,0.8,Direct cost,34472.0,Fixed cost,1.0,1.0,,,,,,,,,,1,7560.0,1.0,1.0,1.0,1.0,1.0,1.0,0.0,1.0
A.218J.147,Main steam and feedwater pipe,Doors/windows,,,Building volume,7560.0,1.0,RX power,3417.0,0.8,Direct cost,20865.0,Fixed cost,1.0,1.0,,,,,,,,,,1,7560.0,1.0,1.0,1.0,1.0,1.0,1.0,0.0,1.0
A.218J.149,Main steam and feedwater pipe,Painting,,,Superstructure area,2952.0,1.0,RX power,3417.0,0.8,Direct cost,125147.0,Fixed cost,1.0,1.0,,,,,,,,,,1,2952.0,1.0,1.0,1.0,1.0,1.0,1.0,0.0,1.0
A.218J.21,Main steam and feedwater pipe,Plumbing & Drains,,,Building volume,7560.0,1.0,RX power,3417.0,0.8,Direct cost,1583164.0,Fixed cost,1.0,1.0,,,,,,,,,,1,7560.0,1.0,1.0,1.0,1.0,1.0,1.0,0.0,1.0
A.218J.22,Main steam and feedwater pipe,HVAC,,,Plant power,3417.0,0.8,RX power,3417.0,0.8,Direct cost,607654.0,Fixed cost,1.0,1.0,,,,,,,,4860.0,,1,3417.0,1.0,1.0,1.0,1.0,1.0,1.0,0.0,1.0
A.218J.24,Main steam and feedwater pipe,Lighting & Service power,,,Building volume,7560.0,1.0,RX power,3417.0,0.8,Direct cost,667938.0,Fixed cost,1.0,1.0,,,,,,,,,,1,7560.0,1.0,1.0,1.0,1.0,1.0,1.0,0.0,1.0
A.218K.,Pipe tunnels,Pipe tunnels,,,,,,RX power,3417.0,0.8,Direct cost,905841.0,Fixed cost,1.0,1.0,345.0,,35.0,5.0,2.0,,,,,2,3417.0,1.0,1.0,1.0,1.0,1.0,1.0,0.0,1.0
A.218L.,Technical support center,Technical support center,,,,,,RX power,3417.0,0.8,Direct cost,2283038.0,Fixed cost,1.0,1.0,950.0,,73.0,35.0,,,,,,4,1.0,1.0,1.0,1.0,1.0,1.0,1.0,0.0,1.0
A.218P.,Containment hatch missile shield,Containment hatch missile shield,,,Building volume,540.0,1.0,RX power,3417.0,0.8,Direct cost,566431.0,Fixed cost,1.0,1.0,280.0,,35.0,,,,,,,1,540.0,1.0,1.0,1.0,1.0,1.0,1.0,0.0,1.0
A.218S.,Waste water treatment building,Waste water treatment building,,,Building volume,1152.0,1.0,RX power,3417.0,0.8,Direct cost,2012135.0,Fixed cost,1.0,1.0,1220.0,,62.0,15.0,1.0,,,,,1,1152.0,1.0,1.0,1.0,1.0,1.0,1.0,0.0,1.0
A.218T.11,Ultimate heat sink structure,Excavation,,,Building volume,18630.0,1.0,Plant power,3417.0,0.8,Direct cost,1286877.0,Fixed cost,1.0,1.0,,,,,,,,,,1,18630.0,1.0,1.0,1.0,1.0,1.0,1.0,0.0,1.0
A.218T.13,Ultimate heat sink structure,Substructure,,,Substructure volume,972.0,1.0,Plant power,3417.0,0.8,Direct cost,926876.0,Fixed cost,1.0,1.0,1050.0,,105.0,,1.0,,,,,1,972.0,1.0,1.0,1.0,1.0,1.0,1.0,0.0,1.0
A.218T.141,Ultimate heat sink structure,Superstructure concrete,,,Superstructure volume,1904.0,1.0,Plant power,3417.0,0.8,Direct cost,10793613.0,Fixed cost,1.0,1.0,4400.0,,510.0,,10.0,,,,,1,1904.3999999999999,1.0,1.0,1.0,1.0,1.0,1.0,0.0,1.0002100840336134
A.218T.142,Ultimate heat sink structure,Structural & Misc steel,,,Building volume,18630.0,1.0,Plant power,3417.0,0.8,Direct cost,1264499.0,Fixed cost,1.0,1.0,,,,110.0,,,,,,1,18630.0,1.0,1.0,1.0,1.0,1.0,1.0,0.0,1.0
A.218T.145,Ultimate heat sink structure,Roofing,,,Substructure area,810.0,1.0,Plant power,3417.0,0.8,Direct cost,85890.0,Fixed cost,1.0,1.0,,,,,,,,,,1,810.0,1.0,1.0,1.0,1.0,1.0,1.0,0.0,1.0
A.218T.147,Ultimate heat sink structure,Doors/windows,,,Building volume,18630.0,1.0,Plant power,3417.0,0.8,Direct cost,9766.0,Fixed cost,1.0,1.0,,,,,,,,,,1,18630.0,1.0,1.0,1.0,1.0,1.0,1.0,0.0,1.0
A.218T.149,Ultimate heat sink structure,Painting,,,Superstructure area,3174.0,1.0,Plant power,3417.0,0.8,Direct cost,83831.0,Fixed cost,1.0,1.0,,,,,,,,,,1,3174.0,1.0,1.0,1.0,1.0,1.0,1.0,0.0,1.0
A.218T.21,Ultimate heat sink structure,Plumbing & Drains,,,Building volume,18630.0,1.0,Plant power,3417.0,0.8,Direct cost,44803.0,Fixed cost,1.0,1.0,,,,,,,,,,1,18630.0,1.0,1.0,1.0,1.0,1.0,1.0,0.0,1.0
A.218T.22,Ultimate heat sink structure,HVAC,,,Plant power,3417.0,0.8,Plant power,3417.0,0.8,Direct cost,279196.0,Fixed cost,1.0,1.0,,,,,,,,,,1,3417.0,1.0,1.0,1.0,1.0,1.0,1.0,0.0,1.0
A.218T.24,Ultimate heat sink structure,Lighting & Service power,,,Building volume,18630.0,1.0,Plant power,3417.0,0.8,Direct cost,346767.0,Fixed cost,1.0,1.0,,,,,,,,,,1,18630.0,1.0,1.0,1.0,1.0,1.0,1.0,0.0,1.0
A.218V.,Control room air intake structure,Control room air intake structure,,,,,,Plant power,3417.0,0.8,Direct cost,240158.0,Fixed cost,1.0,1.0,,,,,,,,,,4,1.0,1.0,1.0,1.0,1.0,1.0,1.0,0.0,1.0
A.221.1,Reactor equipment,RPV Structure + Support,Vessel mass,"[13128.0, 38.0, 0.85, 34.4]",Vessel mass,387000.0,0.85,Plant power,3417.0,0.8,Direct cost,75019941.0,Fixed cost,1.0,1.0,,,,,,,,,,0,387000.0,1.0,1.0,1.0,1.0,1.0,1.0,0.0,0.9848776551528131
A.221.2,Reactor equipment,Control rods,,,Number of CRs,57.0,1,Plant power,3417.0,0.8,Direct cost,30753877.0,Fixed cost,1.0,1.0,,,,,,,,,,1,57.0,1.0,1.0,1.0,1.0,1.0,1.0,0.0,1.0
A.221.3,Reactor equipment,RPV Internals,,,Reactor diameter (m),4.6,2.0,Plant power,3417.0,0.8,Direct cost,49698846.0,Fixed cost,1.0,1.0,,,,,,,,,,1,4.5,1.0,1.0,1.0,1.0,1.0,1.0,0.0,0.9569943289224955
A.222.11,Main heat transport system,Primary coolant pump,Flow rate,"[9054.0, 247.0, 0.92, 39.7]",Flow rate,5430.88,0.92,Plant power,3417.0,0.8,Direct cost,108401469.0,Fixed cost,1.0,1.0,,,,,,,,,,0,5430.88,1.0,1.0,1.0,1.0,1.0,4.0,0.0,1.0008902466041472
A.222.12,Main heat transport system,Primary system piping,,,MC piping mass,154000.0,1,Plant power,3417.0,0.8,Direct cost,36197143.0,Fixed cost,1.0,1.0,,,,,,,,8990.0,151650.0,1,154000.0,1.0,1.0,1.0,1.0,1.0,1.0,0.0,1.0
A.222.13,Main heat transport system,Steam generators,HT surface area,"[31688.0, 61.0, 1.2, 17.0]",HT surface area,5126.0,1.2,Plant power,3417.0,0.8,Direct cost,119461264.0,Fixed cost,1.0,1.0,,,,,,,,,,0,5126.0,1.0,1.0,1.0,1.0,1.0,4.0,0.0,1.0005678391799027
A.222.14,Main heat transport system,Pressurizer,Pressurizer mass,"[13128.0, 38.0, 0.85, 12.98]",Pressurizer mass,91663.0,0.85,Plant power,3417.0,0.8,Direct cost,8419993.0,Fixed cost,1.0,1.0,,,,,,,,,,0,91663.18033550317,1.0,1.0,1.0,1.0,1.0,1.0,0.0,0.9876514364326577
A.223.1,Safeguards system,Residual heat removal,,,,,,Plant power,3417.0,0.8,Direct cost,17443131.0,Fixed cost,1.0,1.0,,,,,,,,,60280.0,2,3417.0,1.0,1.0,1.0,1.0,1.0,1.0,0.0,1.0
A.223.3,Safeguards system,Safety injection system,,,,,,Plant power,3417.0,0.8,Direct cost,32329219.0,Fixed cost,1.0,1.0,,,,,,,,2150.0,62660.0,2,3417.0,1.0,1.0,1.0,1.0,1.0,1.0,0.0,1.0
A.223.4,Safeguards system,Containment spray,,,Containment volume,92268.0,1,Plant power,3417.0,0.8,Direct cost,21141659.0,Fixed cost,1.0,1.0,,,,,,,,9930.0,120820.0,1,92268.0,1.0,1.0,1.0,1.0,1.0,1.0,0.0,1.0
A.223.5,Safeguards system,Combustible gas control,,,Containment volume,92268.0,1,Plant power,3417.0,0.8,Direct cost,3366386.0,Fixed cost,1.0,1.0,,,,,,,,13400.0,,1,92268.0,1.0,1.0,1.0,1.0,1.0,1.0,0.0,1.0
A.224.1,Radwaste processing,Liquid waste system,,,Primary flowrate,23872.0,0.75,Plant power,3417.0,0.8,Direct cost,43498466.0,Fixed cost,1.0,1.0,,,,,,,,296171.0,1738.0,1,23872.0,1.0,1.0,1.0,1.0,1.0,1.0,0.0,1.0
A.224.2,Radwaste processing,Rad gas waste processing,,,Primary flowrate,23872.0,0.75,Plant power,3417.0,0.8,Direct cost,4382355.0,Fixed cost,1.0,1.0,,,,,,,,7800.0,,1,23872.0,1.0,1.0,1.0,1.0,1.0,1.0,0.0,1.0
A.224.3,Radwaste processing,Solid waste system,,,,,,Plant power,3417.0,0.8,Direct cost,20796213.0,Fixed cost,1.0,1.0,,,,,,,,24550.0,,2,3417.0,1.0,1.0,1.0,1.0,1.0,1.0,0.0,1.0
A.225.111,Fuel handling and storage,Fuel crane,Fuel crane capacity,"[411796.0, 3739.0, 1.26, 1.0]",Fuel crane capacity,2.0,1.26,Plant power,3417.0,0.8,Direct cost,391304.0,Fixed cost,1.0,1.0,,,,,,,,,,0,2.0,1.0,1.0,1.0,1.0,1.0,1.0,0.0,1.0752528615939023
A.225.112,Fuel handling and storage,Monorails/hoists,,,Fixed cost,,,Plant power,3417.0,0.8,Direct cost,62594.0,Fixed cost,1.0,1.0,,,,,,,,,,4,1.0,1.0,1.0,1.0,1.0,1.0,1.0,0.0,1.0
A.225.113,Fuel handling and storage,Fuel elevator,,,Fixed cost,,,Plant power,3417.0,0.8,Direct cost,232257.0,Fixed cost,1.0,1.0,,,,,,,,,,4,1.0,1.0,1.0,1.0,1.0,1.0,1.0,0.0,1.0
A.225.114,Fuel handling and storage,Spent fuel cask crane,Fuel cask capacity,"[411796.0, 3739.0, 1.26, 1.0]",Fuel cask capacity,113.0,1.26,Plant power,3417.0,0.8,Direct cost,1850028.0,Fixed cost,1.0,1.0,,,,,,,,,,0,113.0,1.0,1.0,1.0,1.0,1.0,1.0,0.0,1.0032384136058523
A.225.12,Fuel handling and storage,Fuel handling tools,,,Fixed cost,,,Plant power,3417.0,0.8,Direct cost,355407.0,Fixed cost,1.0,1.0,,,,,,,,,,4,1.0,1.0,1.0,1.0,1.0,1.0,1.0,0.0,1.0
A.225.13,Fuel handling and storage,Transfer system,,,Fixed cost,,,Plant power,3417.0,0.8,Direct cost,1538750.0,Fixed cost,1.0,1.0,,,,,,,,,,4,1.0,1.0,1.0,1.0,1.0,1.0,1.0,0.0,1.0
A.225.3,Fuel handling and storage,Service platforms,,,Fixed cost,,,Plant power,3417.0,0.8,Direct cost,381137.0,Fixed cost,1.0,1.0,,,,,,,,,,4,1.0,1.0,1.0,1.0,1.0,1.0,1.0,0.0,1.0
A.225.4,Fuel handling and storage,"Fuel storage, cleaning, inspection",,,SFP volume,1056.0,0.75,Plant power,3417.0,0.8,Direct cost,6837991.0,Fixed cost,1.0,1.0,,,,,,,,11450.0,9150.0,1,1056.0,1.0,1.0,1.0,1.0,1.0,1.0,0.0,1.0
A.226.1,Other reactor equipment,Intert gas system,,,Fixed cost,,,Plant power,3417.0,0.8,Direct cost,4540150.0,Fixed cost,1.0,1.0,,,,,,,,47000.0,,4,1.0,1.0,1.0,1.0,1.0,1.0,1.0,0.0,1.0
A.226.3,Other reactor equipment,Reactor makeup water system,,,Fixed cost,,,Plant power,3417.0,0.8,Direct cost,5645240.0,Fixed cost,1.0,1.0,,,,,,,,49404.0,77.0,4,1.0,1.0,1.0,1.0,1.0,1.0,1.0,0.0,1.0
A.226.4,Other reactor equipment,Coolant treatment and recycle,,,Primary flowrate,23872.0,0.75,Plant power,3417.0,0.8,Direct cost,64519555.0,Fixed cost,1.0,1.0,,,,,,,,102160.0,161600.0,1,23872.0,1.0,1.0,1.0,1.0,1.0,1.0,0.0,1.0
A.226.6,Other reactor equipment,Fluid leak detection system,,,Fixed cost,,,Plant power,3417.0,0.8,Direct cost,478670.0,Fixed cost,1.0,1.0,,,,,,,,,,4,1.0,1.0,1.0,1.0,1.0,1.0,1.0,0.0,1.0
A.226.71,Other reactor equipment,Nuclear service water system,,,RX power,3417.0,0.8,Plant power,3417.0,0.8,Direct cost,45445885.0,Fixed cost,1.0,1.0,,,,,,,,,614600.0,1,3417.0,1.0,1.0,1.0,1.0,1.0,1.0,0.0,1.0
A.226.72,Other reactor equipment,Primary component cooling water,,,Primary flowrate,23872.0,0.75,Plant power,3417.0,0.8,Direct cost,31297550.0,Fixed cost,1.0,1.0,,,,,,,,165000.0,286730.0,1,23872.0,1.0,1.0,1.0,1.0,1.0,1.0,0.0,1.0
A.226.8,Other reactor equipment,Maintenance equipment,,,Fixed cost,,,Plant power,3417.0,0.8,Direct cost,10231040.0,Fixed cost,1.0,1.0,,,,,,,,,,4,1.0,1.0,1.0,1.0,1.0,1.0,1.0,0.0,1.0
A.226.9,Other reactor equipment,Sampling equipment,,,Fixed cost,,,Plant power,3417.0,0.8,Direct cost,2397864.0,Fixed cost,1.0,1.0,,,,,,,,3000.0,,4,1.0,1.0,1.0,1.0,1.0,1.0,1.0,0.0,1.0
A.227.11,Reactor instrumentation and control,NSS Control Board,,,Number of RXs,1.0,1,Plant power,3417.0,0.8,Direct cost,3351758.0,Fixed cost,1.0,1.0,,,,,,,,,,1,1.0,1.0,1.0,1.0,1.0,1.0,1.0,0.0,1.0
A.227.15,Reactor instrumentation and control,HVAC Panels,,,Fixed cost,,,Plant power,3417.0,0.8,Direct cost,355599.0,Fixed cost,1.0,1.0,,,,,,,,,,4,1.0,1.0,1.0,1.0,1.0,1.0,1.0,0.0,1.0
A.227.16,Reactor instrumentation and control,Radwaste Panels & Racks,,,Fixed cost,,,Plant power,3417.0,0.8,Direct cost,1445229.0,Fixed cost,1.0,1.0,,,,,,,,,,4,1.0,1.0,1.0,1.0,1.0,1.0,1.0,0.0,1.0
A.227.17,Reactor instrumentation and control,Local Panels & Cabinets,,,Fixed cost,,,Plant power,3417.0,0.8,Direct cost,1408991.0,Fixed cost,1.0,1.0,,,,,,,,,,4,1.0,1.0,1.0,1.0,1.0,1.0,1.0,0.0,1.0
A.227.18,Reactor instrumentation and control,Instrument Ranks,,,Fixed cost,,,Plant power,3417.0,0.8,Direct cost,1476340.0,Fixed cost,1.0,1.0,,,,,,,,,,4,1.0,1.0,1.0,1.0,1.0,1.0,1.0,0.0,1.0
A.227.19,Reactor instrumentation and control,Alarm System,,,Number of CRs,57.0,1,Plant power,3417.0,0.8,Direct cost,710824.0,Fixed cost,1.0,1.0,,,,,,,,,,1,57.0,1.0,1.0,1.0,1.0,1.0,1.0,0.0,1.0
A.227.2,Reactor instrumentation and control,Process Computer,,,Number of RXs,1.0,1,Plant power,3417.0,0.8,Direct cost,7579214.0,Fixed cost,1.0,1.0,,,,,,,,,,1,1.0,1.0,1.0,1.0,1.0,1.0,1.0,0.0,1.0
A.227.3,Reactor instrumentation and control,Monitoring Systems,,,Fixed cost,,,Plant power,3417.0,0.8,Direct cost,9532951.0,Fixed cost,1.0,1.0,,,,,,,,,,4,1.0,1.0,1.0,1.0,1.0,1.0,1.0,0.0,1.0
A.227.4,Reactor instrumentation and control,Plant Control Systems,,,Number of CRs,57.0,1,Plant power,3417.0,0.8,Direct cost,7571241.0,Fixed cost,1.0,1.0,,,,,,,,,,1,57.0,1.0,1.0,1.0,1.0,1.0,1.0,0.0,1.0
A.227.5,Reactor instrumentation and control,Reactor Plant I&C Tubing & Fitting,,,Number of CRs,57.0,1,Plant power,3417.0,0.8,Direct cost,10234233.0,Fixed cost,1.0,1.0,,,,,,,,,,1,57.0,1.0,1.0,1.0,1.0,1.0,1.0,0.0,1.0
A.227.9,Reactor instrumentation and control,TMI Instrumentation,,,Number of CRs,57.0,1,Plant power,3417.0,0.8,Direct cost,8721364.0,Fixed cost,1.0,1.0,,,,,,,,,,1,57.0,1.0,1.0,1.0,1.0,1.0,1.0,0.0,1.0
A.228.1,Reactor misc. equipment,Field Painting,,,Fixed cost,,,Plant power,3417.0,0.8,Direct cost,2064008.504,Fixed cost,1.0,1.0,,,,,,,,,,4,1.0,1.0,1.0,1.0,1.0,1.0,1.0,0.0,1.0
A.228.2,Reactor misc. equipment,Qualification of Welders,,,Fixed cost,,,Plant power,3417.0,0.8,Direct cost,8562632.532,Fixed cost,1.0,1.0,,,,,,,,,,4,1.0,1.0,1.0,1.0,1.0,1.0,1.0,0.0,1.0
A.228.4,Reactor misc. equipment,Reactor Plant Insulation,,,RPV insulated area,250.0,1,RX power,3417.0,0.8,Direct cost,9736449.916,Fixed cost,1.0,1.0,,,,,,,,,,1,250.0,1.0,1.0,1.0,1.0,1.0,1.0,0.0,1.0
A.229.1,NuScale Equipment,Containment vacuum pump,,,Pump power (kW),100.0,0.6,RX power,3417.0,0.8,Direct cost,730336.8307,Fixed cost,1.0,1.0,,,,,,,,,,1,0.0,1.0,1.0,1.0,1.0,1.0,1.0,0.0,0.0
A.229.2,NuScale Equipment,Containment flooding & drain,,,Evacuated volume (m3),40.0,0.85,RX power,3417.0,0.8,Direct cost,22978268.0,Fixed cost,1.0,1.0,,,,,,,,,,1,0.0,1.0,1.0,1.0,1.0,1.0,1.0,0.0,0.0
A.229.3,HTGR Equipment,Reactor Cavity Cooling System,,,RPV surface area (m2),150.7964474,1.21,RX power,230.0,0.8,Direct cost,17192142.03,Fixed cost,1.0,1.0,,,,,,,,,,3,0.0,1.0,1.0,1.0,1.0,1.0,1.0,0.0,0.0
A.229.4,HTGR Equipment,Refueling Equipment,,,Core diameter (m),4.0,1.31,RX power,230.0,0.8,Direct cost,34560408.78,Fixed cost,1.0,1.0,,,,,,,,,,3,0.0,1.0,1.0,1.0,1.0,1.0,1.0,0.0,0.0
A.229.5,HTGR Equipment,He Purification Equipment,,,He purif flow rate (kg/s),0.048133333,0.6,RX power,12.55,0.8,Direct cost,3330589.647,Fixed cost,1.0,1.0,,,,,,,,,,3,0.0,1.0,1.0,1.0,1.0,1.0,1.0,0.0,0.0
A.229.6,HTGR Equipment,He Circulator,Circulator power (kW),"[580000.0, 20000.0, 0.6, 2.26]",Circulator power (kW),2791.0,0.6,RX power,230.0,0.8,Direct cost,6600420.207,Fixed cost,1.0,1.0,,,,,,,,,,3,0.0,1.0,1.0,1.0,1.0,1.0,1.0,0.0,0.0
A.229.7,BWR,Isolation Condensers,,,Thermal power,854.25,0.8,RX power,3417.0,0.8,Direct cost,29711266.0,Fixed cost,1.0,1.0,,,,,,,,,,3,0.0,1.0,1.0,1.0,1.0,1.0,1.0,0.0,0.0
A.231.,Turbine plant equipment,Turbine Generator,,,,,,Electric power,1144.0,0.8,Direct cost,303437900.3,Fixed cost,1.0,1.0,3700.0,,440.0,5.0,45.0,,,187090.0,,2,1144.0,1.0,1.0,1.0,1.0,1.0,1.0,0.0,1.0
A.233.,Turbine plant equipment,Condensing Systems,,,,,,Electric power,1144.0,0.8,Direct cost,84792697.4,Fixed cost,1.0,1.0,650.0,,65.0,,2.0,,,1088500.0,,2,1144.0,1.0,1.0,1.0,1.0,1.0,1.0,0.0,1.0
A.234.,Turbine plant equipment,Feedwater Heating System,,,HT surface area,79440.77134986225,1.2,Electric power,1144.0,0.8,Direct cost,74747364.89,Fixed cost,1.0,1.0,,,,,,,,1138920.0,56940.0,1,79440.77134986225,1.0,1.0,1.0,1.0,1.0,1.0,0.0,1.0
A.235.,Turbine plant equipment,Other Turbine Plant Equipment,,,,,,Electric power,1144.0,0.8,Direct cost,91135906.37,Fixed cost,1.0,1.0,122.0,,8.0,,1.0,,,1330475.0,326000.0,2,1144.0,1.0,1.0,1.0,1.0,1.0,1.0,0.0,1.0
A.236.,Turbine plant equipment,Instrumentation & Control,,,,,,Electric power,1144.0,0.8,Direct cost,17896323.63,Fixed cost,1.0,1.0,,,,,,,,,,2,1144.0,1.0,1.0,1.0,1.0,1.0,1.0,0.0,1.0
A.237.,Turbine plant equipment,Turbine Plant Miscellaneous Items,,,,,,Electric power,1144.0,0.8,Direct cost,21289794.43,Fixed cost,1.0,1.0,,,,,,,,,,2,1144.0,1.0,1.0,1.0,1.0,1.0,1.0,0.0,1.0
A.241.,Electrical plant equipment,Switchgear,,,,,,Electric power,1144.0,0.6,Direct cost,26306164.0,Fixed cost,1.0,1.0,,,,,,,,,,2,1144.0,1.0,1.0,1.0,1.0,1.0,1.0,0.0,1.0
A.242.,Electrical plant equipment,Station Service Equipment,,,,,,Electric power,1144.0,0.6,Direct cost,44768206.0,Fixed cost,1.0,1.0,440.0,,30.0,,2.0,,,,705.0,2,1144.0,1.0,1.0,1.0,1.0,1.0,1.0,0.0,1.0
A.243.,Electrical plant equipment,Switchboards,,,,,,Electric power,1144.0,0.6,Direct cost,4297174.0,Fixed cost,1.0,1.0,,,,,,,,,,2,1144.0,1.0,1.0,1.0,1.0,1.0,1.0,0.0,1.0
A.244.,Electrical plant equipment,Protective Equipment,,,,,,Electric power,1144.0,0.6,Direct cost,11073940.0,Fixed cost,1.0,1.0,,,,,,,,,,2,1144.0,1.0,1.0,1.0,1.0,1.0,1.0,0.0,1.0
A.245.,Electrical plant equipment,Electrical Structure & Wiring Container,,,,,,Electric power,1144.0,0.6,Direct cost,104279957.0,Fixed cost,1.0,1.0,5020.0,,285.0,,,,,,,2,1144.0,1.0,1.0,1.0,1.0,1.0,1.0,0.0,1.0
A.246.,Electrical plant equipment,Power & Control Wiring,,,,,,Electric power,1144.0,0.6,Direct cost,75382282.0,Fixed cost,1.0,1.0,,,,,,,4978650.0,,,2,1144.0,1.0,1.0,1.0,1.0,1.0,1.0,0.0,1.0
A.251.111,Transportation and lift equipment,TG Crane,TG crane capacity,"[411796.0, 3739.0, 1.26, 1.0]",TG crane capacity,190.0,1.26,RX power,3417.0,0.8,Direct cost,3273323.0,Fixed cost,1.0,1.0,,,,,,,,,,0,190.0,1.0,1.0,1.0,1.0,1.0,1.0,0.0,0.97497658391598
A.251.112,Transportation and lift equipment,HB crane,Heater bay crane capacity,"[411796.0, 3739.0, 1.26, 1.0]",Heater bay crane capacity,90.0,1.26,RX power,3417.0,0.8,Direct cost,1317233.0,Fixed cost,1.0,1.0,,,,,,,,,,0,90.0,1.0,1.0,1.0,1.0,1.0,1.0,0.0,1.1356951200639496
A.251.12,Transportation and lift equipment,Containment crane,Containment crane,"[411796.0, 3739.0, 1.26, 1.0]",Containment crane,380.0,1.26,RX power,3417.0,0.8,Direct cost,6941502.0,Fixed cost,1.0,1.0,,,,,,,,,,0,380.0,1.0,1.0,1.0,1.0,1.0,1.0,0.0,1.0183474688076752
A.251.16,Transportation and lift equipment,Misc. cranes,,,Fixed cost,,,,,,Direct cost,1303644.0,Fixed cost,1.0,1.0,,,,,,,,,,4,1.0,1.0,1.0,1.0,1.0,1.0,1.0,0.0,1.0
A.251.17,Transportation and lift equipment,DG crane,Diesel building crane,"[411796.0, 3739.0, 1.26, 1.0]",Diesel building crane,4.5,1.26,RX power,3417.0,0.8,Direct cost,1051195.0,Fixed cost,1.0,1.0,,,,,,,,,,0,4.5,1.0,1.0,1.0,1.0,1.0,2.0,0.0,0.8308131210182067
A.252.1,"Air, water, and steam service system",Air system,,,"Volume of 212, 213, 215, 216, 217",416524.0,1.0,,,,Direct cost,24444522.0,Fixed cost,1.0,1.0,,,,,,,,174800.0,68500.0,1,422627.70077877946,1.0,1.0,1.0,1.0,1.0,1.0,0.0,1.014653899364213
A.252.2,"Air, water, and steam service system",Water system,,,"Volume of 212, 213, 215, 216, 217",416524.0,1.0,,,,Direct cost,72411451.0,Fixed cost,1.0,1.0,,,,,,,,1196500.0,,1,422627.70077877946,1.0,1.0,1.0,1.0,1.0,1.0,0.0,1.014653899364213
A.252.3,"Air, water, and steam service system",Steam system,,,"Volume of 212, 213, 215, 216, 217",416524.0,1.0,,,,Direct cost,15428628.0,Fixed cost,1.0,1.0,,,,,,,,279460.0,,1,422627.70077877946,1.0,1.0,1.0,1.0,1.0,1.0,0.0,1.014653899364213
A.252.4,"Air, water, and steam service system",Plant fuel oil system,,,Fixed cost,,,,,,Direct cost,755209.0,Fixed cost,1.0,1.0,30.0,,5.0,,,,,,,4,1.0,1.0,1.0,1.0,1.0,1.0,1.0,0.0,1.0
A.253.,Communications equipment,Communications equipment,,,"Volume of 212, 213, 215, 216, 217",416524.0,1.0,,,,Direct cost,16185605.0,Fixed cost,1.0,1.0,,,,,,,,,,1,422627.70077877946,1.0,1.0,1.0,1.0,1.0,1.0,0.0,1.014653899364213
A.254.,Furnishings and fixtures,Furnishings and fixtures,,,"Volume of 212, 213, 215, 216, 217",416524.0,1.0,,,,Direct cost,6467655.0,Fixed cost,1.0,1.0,,,,,,,,,,1,422627.70077877946,1.0,1.0,1.0,1.0,1.0,1.0,0.0,1.014653899364213
A.255.,Waste water treatment,Waste water treatment,,,Fixed cost,,,,,,Direct cost,6675261.0,Fixed cost,1.0,1.0,,,,,,,,,,4,1.0,1.0,1.0,1.0,1.0,1.0,1.0,0.0,1.0
A.261.1,Heat rejection system,Makeup Water Intake Building,,,Rejected thermal power,2273.0,0.8,Plant power,3417.0,0.8,Direct cost,3187841.0,Fixed cost,1.0,1.0,700.0,,55.0,27.0,15.0,,,,,1,2273.0,1.0,1.0,1.0,1.0,1.0,1.0,0.0,1.0
A.261.2,Heat rejection system,Circulation Water Pump House,,,Rejected thermal power,2273.0,0.8,Plant power,3417.0,0.8,Direct cost,6628965.0,Fixed cost,1.0,1.0,2960.0,,220.0,11.0,15.0,,,9120.0,,1,2273.0,1.0,1.0,1.0,1.0,1.0,1.0,0.0,1.0
A.261.3,Heat rejection system,Makeup Water Pretreatment Building,,,Rejected thermal power,2273.0,0.8,Plant power,3417.0,0.8,Direct cost,3622398.0,Fixed cost,1.0,1.0,852.0,,59.0,130.0,2.0,,,10200.0,,1,2273.0,1.0,1.0,1.0,1.0,1.0,1.0,0.0,1.0
A.262.11,Heat Rejection System,Water Intake Equipment,,,Rejected thermal power,2273.0,0.8,Plant power,3417.0,0.8,Direct cost,1149076.0,Fixed cost,1.0,1.0,,,,,,,,1820.0,,1,2273.0,1.0,1.0,1.0,1.0,1.0,1.0,0.0,1.0
A.262.12,Heat Rejection System,Circulating Water System,,,T/B Bldg - Cooling source distance (m),250.0,1,Plant power,3417.0,0.8,Direct cost,37384462.0,Fixed cost,1.0,1.0,2350.0,,44.0,,,,,708600.0,,1,250.0,1.0,1.0,1.0,1.0,1.0,1.0,0.0,1.0
A.262.13,Heat Rejection System,Cooling Towers,,,Rejected thermal power,2273.0,0.8,Plant power,3417.0,0.8,Direct cost,75236688.0,Fixed cost,1.0,1.0,,,,,,,,,,1,2273.0,1.0,1.0,1.0,1.0,1.0,1.0,0.0,1.0
A.262.14,Heat Rejection System,Cooling Tower Basins,,,Rejected thermal power,2273.0,0.8,Plant power,3417.0,0.8,Direct cost,247554.0,Fixed cost,1.0,1.0,,,,,,,,,,1,2273.0,1.0,1.0,1.0,1.0,1.0,1.0,0.0,1.0
A.262.15,Heat Rejection System,Main Cooling Tower Makeup & Blowdown System,,,Rejected thermal power,2273.0,0.8,Plant power,3417.0,0.8,Direct cost,3371679.0,Fixed cost,1.0,1.0,,,,,,,,820.0,,1,2273.0,1.0,1.0,1.0,1.0,1.0,1.0,0.0,1.0
